Respondent_ID,Segment,Primary_Game,Hours_Per_Week,Platform,Cheater_Encounter_Freq,Kernel_AntiCheat_Sentiment,Privacy_Performance_Issues,Hardware_Cheat_Awareness,Attitude_Towards_ServerSide_Behavioral,Key_Pains,Key_Desired_Gains,Willingness_To_Pilot
R01,Competitive Gamer,CS2 / Premier,18,Windows 11,Daily,Negative,Dislikes 24/7 background service,High (knows DMA),Extremely Positive,"Spinbots, slow bans, VAC inefficiency",Clean matches without invasive rootkit,Yes
R02,Competitive Gamer,Valorant,25,Windows 10,Neutral,"Vanguard crashed once, worried about kernel access",Low,Positive,BSOD on driver updates,Faster match cancellations when cheater detected,Yes
R03,Competitive Gamer,Apex Legends,12,Steam Deck (SteamOS),Several times a week,Very Negative,Cannot play certain EAC games on Linux/SteamOS,Medium,Extremely Positive,"Linux incompatibility, high ping jitter",Zero-client installation on SteamOS,Yes
R04,Competitive Gamer,Rainbow Six Siege,15,Windows 11,Weekly,Negative,High CPU overhead with BattlEye,Medium,Positive,"Closet wallhackers, slow review pipeline",Instant detection of impossible reaction times,Yes
R05,Community Admin,CS2 Community Servers,20,Linux / Windows,Daily,Negative,Server CPU spikes from client-heavy checks,High,Extremely Positive,"Admin burnout, manual demo review nightmare",Automated server-side risk scoring API,Yes
R06,Competitive Gamer,CS2,10,Windows 10,Daily,Negative,Suspicious of Chinese kernel drivers in other games,Medium,Positive,Rage hackers in 15k+ rating,Trustworthy telemetry without scanning files,Yes
R07,Tournament Host,Amateur Esports League,30,Windows 11,Every tournament,Neutral,Players refusing to install custom intrusive anti-cheats,Very High,Extremely Positive,DMA cards bypassing client-side memory scans,Hardware-agnostic behavioral analysis,Yes
R08,Indie Game Developer,Multiplayer Arena Shooter,40,Linux / Windows,Weekly in playtests,Negative,Enterprise anti-cheats quote prohibitive pricing,High,Extremely Positive,"Financial barrier of EAC/BattlEye, lack of Linux SDK",Affordable B2B SaaS API per active user,Yes
R09,Competitive Gamer,Overwatch 2,14,Windows 11,Weekly,Neutral,"No major issues, but distrusts Ring 0",Low,Neutral to Positive,XIM / Cronus on console and crossplay,Fair crossplay input normalization,Maybe
R10,Competitive Gamer,CS2 / FACEIT,28,Windows 10,Several times a week,Accepting of FACEIT AC,"Requires Secure Boot, annoying to reboot",High,Positive,Smurfs and undetected radar hacks,Server-level anomalous flick detection,Yes
R11,Competitive Gamer,Valorant,20,Windows 11,Weekly,Positive,Tolerates Vanguard because it catches cheaters,Medium,Neutral,"Game crashes, Vanguard blocking RGB software",Low false positive rate guarantee,Yes
R12,Community Admin,Rust Community Servers,25,Windows Server / Linux,Daily,Negative,EAC bypasses widely sold in Telegram/Discord,Very High,Extremely Positive,Script kiddies with mouse recoil macros,Algorithmic recoil variance analysis,Yes
R13,Competitive Gamer,Apex Legends,16,Windows 10,Several times a week,Negative,Game stutters linked to anti-cheat polling,Medium,Positive,Config exploiters and soft aimlock,"Smooth client performance, server analysis",Yes
R14,Competitive Gamer,CS2,8,Linux (Fedora),Weekly,Very Negative,Boycotts any game requiring kernel rootkit,High,Extremely Positive,Complete exclusion of Linux gamers by Vanguard/Ricochet,Native Linux compatibility via server analysis,Yes
R15,Indie Game Developer,Extraction Shooter,35,Windows 11,Monthly in alpha,Negative,Small team cannot maintain anti-cheat heuristics,High,Extremely Positive,Cheaters ruining early-access reviews,Plug-and-play SDK with risk dashboard,Yes
R16,Competitive Gamer,Call of Duty: Warzone,18,Windows 11,Daily,Negative,Ricochet ineffective against DMA / Cronus,High,Positive,Shadowbanning innocent players based on spam reports,Objective mathematical telemetry over spam reports,Yes
R17,Competitive Gamer,Valorant,15,Windows 10,Weekly,Neutral,Accepts it as necessary evil,Low,Positive,Intrusiveness on personal laptop,No startup drivers needed,Maybe
R18,Tournament Host,University CS2 League,22,Windows 11,Bi-weekly,Neutral,Difficult to verify player hardware in online qualifiers,Very High,Extremely Positive,Secondary PC streaming setups with DMA,Detection of superhuman reaction times (<100ms),Yes
R19,Competitive Gamer,TF2 / CS2,12,Windows 10,Daily,Very Negative,VAC bot crisis ruined TF2 for years,Medium,Extremely Positive,Total lack of active detection by signature VAC,Continuous behavioral monitoring in real-time,Yes
R20,Competitive Gamer,Rainbow Six Siege,20,Windows 11,Several times a week,Negative,Dislikes QB and BattlEye causing frame drops,High,Positive,"Floor-bangs, silent aim, macro users",Low impact on framerate / 144Hz stability,Yes
R21,Community Admin,DayZ Community Server,15,Windows Server,Weekly,Negative,ESP/Radar hacks impossible to catch via logs,High,Extremely Positive,ESP users pretending to be legit,Player gaze and line-of-sight anomaly checks,Yes
R22,Competitive Gamer,CS2,22,Windows 11,Daily,Negative,Fears security vulnerability in kernel drivers,High,Positive,Kernel driver being exploited by malware,Zero attack surface on local client machine,Yes
R23,Competitive Gamer,Apex Legends,10,Steam Deck,Weekly,Negative,Game works on Deck but anti-cheat breaks after updates,Low,Extremely Positive,Proton compatibility regressions,No dependency on OS kernel headers,Yes
R24,Indie Game Developer,Tactical VR Shooter,45,Windows / Quest,Monthly,Negative,No kernel anti-cheats exist for standalone VR headsets,High,Extremely Positive,Memory modification on Android/Quest VR,Server-side physical motion validation,Yes
R25,Competitive Gamer,CS2 / Premier,14,Windows 10,Several times a week,Negative,"Anti-cheat slow to ban, ruining placement games",Medium,Positive,Loss of Elo/rating due to cheaters,Pre-ban matchmaking isolation / low trust pool,Yes
R26,Competitive Gamer,Fortnite / CoD,16,Windows 11,Several times a week,Neutral,"Tolerates EAC, dislikes heavy updates",Medium,Positive,Aimbotters beaming across map,Instant statistical outlier flagging,Yes
R27,Tournament Host,Local LAN & Online Cups,18,Windows 10/11,Monthly,Neutral,BYOD players complaining about required software,High,Extremely Positive,Privacy pushback from participants,Tournament-ready server plugin without client installs,Yes
R28,Competitive Gamer,Valorant,24,Windows 11,Weekly,Accepting,"Likes Vanguard responsiveness, hates kernel start",Low,Positive,Vanguard blocking third-party fan/audio software,No software conflicts or false security alerts,Yes
R29,Competitive Gamer,CS2,30,Windows 10,Daily,Very Negative,VAC Live does nothing against modern cheats,High,Extremely Positive,Spinbots in 20k+ lobbies,Real-time telemetry analysis catching rage cheats,Yes
R30,Competitive Gamer,Apex Legends,15,Linux (Arch),Several times a week,Very Negative,Locked out by EA Anti-Cheat kernel updates,Medium,Extremely Positive,Loss of favorite game due to OS choice,"Full platform neutrality (Linux, Windows, Mac)",Yes
R31,Community Admin,Competitive Discord Hub,20,Windows 11,Daily,Negative,Inability to verify demo files automatically,High,Extremely Positive,Hundreds of bogus player accusations,Automated demo parser with cheat probability report,Yes
R32,Indie Game Developer,Multiplayer Survival,50,Windows 10,Weekly,Negative,Costs 10k+ USD/year minimum for enterprise AC,High,Extremely Positive,Review bombing on Steam due to speedhackers,Tiered pricing suitable for indie studios,Yes
