question_id,visible_card,response,source,reported_total,visible_total
Q26,1,idk,photo_26_2026-10-08_14-51-25.jpg,9,8
Q26,2,live game ban showcase,photo_26_2026-10-08_14-51-25.jpg,9,8
Q26,3,The inferiority of the existing one,photo_26_2026-10-08_14-51-25.jpg,9,8
Q26,4,.,photo_26_2026-10-08_14-51-25.jpg,9,8
Q26,5,TTT,photo_26_2026-10-08_14-51-25.jpg,9,8
Q26,6,"Cheaters, they make you lose all desire to play",photo_26_2026-10-08_14-51-25.jpg,9,8
Q26,7,"To adopt a new anti-cheat solution, a system must balance high-level security with transparency, low system overhead, and strict privacy protection.",photo_26_2026-10-08_14-51-25.jpg,9,8
Q26,8,"Proven detection against hardware- and hypervisor-level cheats, near-zero false positives and performance impact, and an independently audited security architecture that protects player privacy without introducing system vulnerabilities.",photo_26_2026-10-08_14-51-25.jpg,9,8
Q27,1,nah,photo_27_2026-10-08_14-51-25.jpg,8,7
Q27,2,don’t think so,photo_27_2026-10-08_14-51-25.jpg,8,7
Q27,3,.,photo_27_2026-10-08_14-51-25.jpg,8,7
Q27,4,o,photo_27_2026-10-08_14-51-25.jpg,8,7
Q27,5,You’ve asked everything,photo_27_2026-10-08_14-51-25.jpg,8,7
Q27,6,No,photo_27_2026-10-08_14-51-25.jpg,8,7
Q27,7,Cheaters don’t cheat because they have a good life.,photo_27_2026-10-08_14-51-25.jpg,8,7
