question_id,question,n,type,option,count,source,percent
Q01,What best describes your role?,20,multiple,Game developer,2,photo_1_2026-10-08_14-51-25.jpg,10.0
Q01,What best describes your role?,20,multiple,Software developer,7,photo_1_2026-10-08_14-51-25.jpg,35.0
Q01,What best describes your role?,20,multiple,Cybersecurity specialist/student,10,photo_1_2026-10-08_14-51-25.jpg,50.0
Q01,What best describes your role?,20,multiple,Competitive gamer,3,photo_1_2026-10-08_14-51-25.jpg,15.0
Q01,What best describes your role?,20,multiple,Casual gamer,7,photo_1_2026-10-08_14-51-25.jpg,35.0
Q01,What best describes your role?,20,multiple,Esports organizer/admin,0,photo_1_2026-10-08_14-51-25.jpg,0.0
Q02,How much experience do you have with multiplayer games?,20,single,Less than 1 year,0,photo_2_2026-10-08_14-51-25.jpg,0.0
Q02,How much experience do you have with multiplayer games?,20,single,1–3 years,4,photo_2_2026-10-08_14-51-25.jpg,20.0
Q02,How much experience do you have with multiplayer games?,20,single,3–5 years,1,photo_2_2026-10-08_14-51-25.jpg,5.0
Q02,How much experience do you have with multiplayer games?,20,single,More than 5 years,15,photo_2_2026-10-08_14-51-25.jpg,75.0
Q03,"Have you ever developed, managed, moderated, or hosted a multiplayer game/server?",20,single,Yes,9,photo_3_2026-10-08_14-51-25.jpg,45.0
Q03,"Have you ever developed, managed, moderated, or hosted a multiplayer game/server?",20,single,No,11,photo_3_2026-10-08_14-51-25.jpg,55.0
Q04,Which platforms do you use or develop for?,20,multiple,Windows,17,photo_4_2026-10-08_14-51-25.jpg,85.0
Q04,Which platforms do you use or develop for?,20,multiple,Linux,5,photo_4_2026-10-08_14-51-25.jpg,25.0
Q04,Which platforms do you use or develop for?,20,multiple,SteamOS / Steam Deck,4,photo_4_2026-10-08_14-51-25.jpg,20.0
Q04,Which platforms do you use or develop for?,20,multiple,macOS,2,photo_4_2026-10-08_14-51-25.jpg,10.0
Q04,Which platforms do you use or develop for?,20,multiple,Console,1,photo_4_2026-10-08_14-51-25.jpg,5.0
Q04,Which platforms do you use or develop for?,20,multiple,Mobile,3,photo_4_2026-10-08_14-51-25.jpg,15.0
Q04,Which platforms do you use or develop for?,20,multiple,I am not a developer,1,photo_4_2026-10-08_14-51-25.jpg,5.0
Q05,How serious do you think cheating is in competitive multiplayer games?,19,scale,1,0,photo_5_2026-10-08_14-51-25.jpg,0.0
Q05,How serious do you think cheating is in competitive multiplayer games?,19,scale,2,0,photo_5_2026-10-08_14-51-25.jpg,0.0
Q05,How serious do you think cheating is in competitive multiplayer games?,19,scale,3,2,photo_5_2026-10-08_14-51-25.jpg,10.5263
Q05,How serious do you think cheating is in competitive multiplayer games?,19,scale,4,7,photo_5_2026-10-08_14-51-25.jpg,36.8421
Q05,How serious do you think cheating is in competitive multiplayer games?,19,scale,5,10,photo_5_2026-10-08_14-51-25.jpg,52.6316
Q06,How often have you personally encountered cheating in multiplayer games?,20,single,Frequently,4,photo_6_2026-10-08_14-51-25.jpg,20.0
Q06,How often have you personally encountered cheating in multiplayer games?,20,single,Sometimes,10,photo_6_2026-10-08_14-51-25.jpg,50.0
Q06,How often have you personally encountered cheating in multiplayer games?,20,single,Rarely,4,photo_6_2026-10-08_14-51-25.jpg,20.0
Q06,How often have you personally encountered cheating in multiplayer games?,20,single,Never,1,photo_6_2026-10-08_14-51-25.jpg,5.0
Q06,How often have you personally encountered cheating in multiplayer games?,20,single,Not sure,1,photo_6_2026-10-08_14-51-25.jpg,5.0
Q07,Which types of cheating do you consider the most problematic?,20,multiple,Aimbots,14,photo_7_2026-10-08_14-51-25.jpg,70.0
Q07,Which types of cheating do you consider the most problematic?,20,multiple,Wallhacks,15,photo_7_2026-10-08_14-51-25.jpg,75.0
Q07,Which types of cheating do you consider the most problematic?,20,multiple,Macros/scripts,9,photo_7_2026-10-08_14-51-25.jpg,45.0
Q07,Which types of cheating do you consider the most problematic?,20,multiple,Hardware-assisted cheats,7,photo_7_2026-10-08_14-51-25.jpg,35.0
Q07,Which types of cheating do you consider the most problematic?,20,multiple,Bots,10,photo_7_2026-10-08_14-51-25.jpg,50.0
Q07,Which types of cheating do you consider the most problematic?,20,multiple,Exploits,9,photo_7_2026-10-08_14-51-25.jpg,45.0
Q08,What do you think is the biggest problem with current anti-cheat systems?,20,single,False-positive bans,4,photo_8_2026-10-08_14-51-25.jpg,20.0
Q08,What do you think is the biggest problem with current anti-cheat systems?,20,single,Performance impact,0,photo_8_2026-10-08_14-51-25.jpg,0.0
Q08,What do you think is the biggest problem with current anti-cheat systems?,20,single,Privacy concerns,3,photo_8_2026-10-08_14-51-25.jpg,15.0
Q08,What do you think is the biggest problem with current anti-cheat systems?,20,single,OS/platform incompatibility,2,photo_8_2026-10-08_14-51-25.jpg,10.0
Q08,What do you think is the biggest problem with current anti-cheat systems?,20,single,Cheats bypassing anti-cheat,9,photo_8_2026-10-08_14-51-25.jpg,45.0
Q08,What do you think is the biggest problem with current anti-cheat systems?,20,single,High development/integration cost,1,photo_8_2026-10-08_14-51-25.jpg,5.0
Q08,What do you think is the biggest problem with current anti-cheat systems?,20,single,Difficult implementation,1,photo_8_2026-10-08_14-51-25.jpg,5.0
Q09,Which anti-cheat systems are you familiar with?,20,multiple,Easy Anti-Cheat,12,photo_9_2026-10-08_14-51-25.jpg,60.0
Q09,Which anti-cheat systems are you familiar with?,20,multiple,BattlEye,7,photo_9_2026-10-08_14-51-25.jpg,35.0
Q09,Which anti-cheat systems are you familiar with?,20,multiple,Riot Vanguard,9,photo_9_2026-10-08_14-51-25.jpg,45.0
Q09,Which anti-cheat systems are you familiar with?,20,multiple,VAC,15,photo_9_2026-10-08_14-51-25.jpg,75.0
Q09,Which anti-cheat systems are you familiar with?,20,multiple,FACEIT Anti-Cheat,14,photo_9_2026-10-08_14-51-25.jpg,70.0
Q09,Which anti-cheat systems are you familiar with?,20,multiple,Proprietary/custom anti-cheat,2,photo_9_2026-10-08_14-51-25.jpg,10.0
Q09,Which anti-cheat systems are you familiar with?,20,multiple,None,2,photo_9_2026-10-08_14-51-25.jpg,10.0
Q09,Which anti-cheat systems are you familiar with?,20,multiple,Punkbuster,1,photo_9_2026-10-08_14-51-25.jpg,5.0
Q10,How satisfied are you with existing anti-cheat solutions?,19,scale,1,1,photo_10_2026-10-08_14-51-25.jpg,5.2632
Q10,How satisfied are you with existing anti-cheat solutions?,19,scale,2,5,photo_10_2026-10-08_14-51-25.jpg,26.3158
Q10,How satisfied are you with existing anti-cheat solutions?,19,scale,3,8,photo_10_2026-10-08_14-51-25.jpg,42.1053
Q10,How satisfied are you with existing anti-cheat solutions?,19,scale,4,4,photo_10_2026-10-08_14-51-25.jpg,21.0526
Q10,How satisfied are you with existing anti-cheat solutions?,19,scale,5,1,photo_10_2026-10-08_14-51-25.jpg,5.2632
Q11,Would you be comfortable installing an anti-cheat system with kernel-level access to your computer?,20,single,Yes,1,photo_11_2026-10-08_14-51-25.jpg,5.0
Q11,Would you be comfortable installing an anti-cheat system with kernel-level access to your computer?,20,single,Probably yes,5,photo_11_2026-10-08_14-51-25.jpg,25.0
Q11,Would you be comfortable installing an anti-cheat system with kernel-level access to your computer?,20,single,Not sure,6,photo_11_2026-10-08_14-51-25.jpg,30.0
Q11,Would you be comfortable installing an anti-cheat system with kernel-level access to your computer?,20,single,Probably no,3,photo_11_2026-10-08_14-51-25.jpg,15.0
Q11,Would you be comfortable installing an anti-cheat system with kernel-level access to your computer?,20,single,No,5,photo_11_2026-10-08_14-51-25.jpg,25.0
Q12,Which concern about kernel-level anti-cheat is most important to you?,20,single,Privacy,7,photo_12_2026-10-08_14-51-25.jpg,35.0
Q12,Which concern about kernel-level anti-cheat is most important to you?,20,single,Security vulnerabilities,9,photo_12_2026-10-08_14-51-25.jpg,45.0
Q12,Which concern about kernel-level anti-cheat is most important to you?,20,single,System stability,2,photo_12_2026-10-08_14-51-25.jpg,10.0
Q12,Which concern about kernel-level anti-cheat is most important to you?,20,single,Performance,0,photo_12_2026-10-08_14-51-25.jpg,0.0
Q12,Which concern about kernel-level anti-cheat is most important to you?,20,single,OS compatibility,1,photo_12_2026-10-08_14-51-25.jpg,5.0
Q12,Which concern about kernel-level anti-cheat is most important to you?,20,single,I have no concerns,0,photo_12_2026-10-08_14-51-25.jpg,0.0
Q12,Which concern about kernel-level anti-cheat is most important to you?,20,single,idk,1,photo_12_2026-10-08_14-51-25.jpg,5.0
Q13,How useful do you think such a server-side anti-cheat system could be?,20,scale,1,0,photo_13_2026-10-08_14-51-25.jpg,0.0
Q13,How useful do you think such a server-side anti-cheat system could be?,20,scale,2,0,photo_13_2026-10-08_14-51-25.jpg,0.0
Q13,How useful do you think such a server-side anti-cheat system could be?,20,scale,3,4,photo_13_2026-10-08_14-51-25.jpg,20.0
Q13,How useful do you think such a server-side anti-cheat system could be?,20,scale,4,8,photo_13_2026-10-08_14-51-25.jpg,40.0
Q13,How useful do you think such a server-side anti-cheat system could be?,20,scale,5,8,photo_13_2026-10-08_14-51-25.jpg,40.0
Q15,What do you consider the biggest advantage of this approach?,20,multiple,No kernel-level software,12,photo_15_2026-10-08_14-51-25.jpg,60.0
Q15,What do you consider the biggest advantage of this approach?,20,multiple,Better privacy,11,photo_15_2026-10-08_14-51-25.jpg,55.0
Q15,What do you consider the biggest advantage of this approach?,20,multiple,Cross-platform compatibility,7,photo_15_2026-10-08_14-51-25.jpg,35.0
Q15,What do you consider the biggest advantage of this approach?,20,multiple,Detection of hardware-assisted cheating,10,photo_15_2026-10-08_14-51-25.jpg,50.0
Q15,What do you consider the biggest advantage of this approach?,20,multiple,Easier integration,6,photo_15_2026-10-08_14-51-25.jpg,30.0
Q15,What do you consider the biggest advantage of this approach?,20,multiple,Risk scoring instead of immediate bans,5,photo_15_2026-10-08_14-51-25.jpg,25.0
Q16,What would be your biggest concern about SUB-CHECK?,20,multiple,False positives,9,photo_16_2026-10-08_14-51-25.jpg,45.0
Q16,What would be your biggest concern about SUB-CHECK?,20,multiple,Detection accuracy,11,photo_16_2026-10-08_14-51-25.jpg,55.0
Q16,What would be your biggest concern about SUB-CHECK?,20,multiple,Network/bandwidth overhead,4,photo_16_2026-10-08_14-51-25.jpg,20.0
Q16,What would be your biggest concern about SUB-CHECK?,20,multiple,Server costs,7,photo_16_2026-10-08_14-51-25.jpg,35.0
Q16,What would be your biggest concern about SUB-CHECK?,20,multiple,Privacy of telemetry,9,photo_16_2026-10-08_14-51-25.jpg,45.0
Q16,What would be your biggest concern about SUB-CHECK?,20,multiple,Integration complexity,4,photo_16_2026-10-08_14-51-25.jpg,20.0
Q16,What would be your biggest concern about SUB-CHECK?,20,multiple,Detection speed,4,photo_16_2026-10-08_14-51-25.jpg,20.0
Q16,What would be your biggest concern about SUB-CHECK?,20,multiple,Idk whats that,1,photo_16_2026-10-08_14-51-25.jpg,5.0
Q17,What should happen when the system detects suspicious behavior?,20,multiple,Immediate ban,7,photo_17_2026-10-08_14-51-25.jpg,35.0
Q17,What should happen when the system detects suspicious behavior?,20,multiple,Temporary restriction,8,photo_17_2026-10-08_14-51-25.jpg,40.0
Q17,What should happen when the system detects suspicious behavior?,20,multiple,Manual review,12,photo_17_2026-10-08_14-51-25.jpg,60.0
Q17,What should happen when the system detects suspicious behavior?,20,multiple,Shadow matchmaking / suspicious-player pool,7,photo_17_2026-10-08_14-51-25.jpg,35.0
Q17,What should happen when the system detects suspicious behavior?,20,multiple,Additional verification,12,photo_17_2026-10-08_14-51-25.jpg,60.0
Q17,What should happen when the system detects suspicious behavior?,20,multiple,Only record the risk score,1,photo_17_2026-10-08_14-51-25.jpg,5.0
Q18,Would you trust an anti-cheat more if suspicious players were reviewed before receiving a permanent ban?,20,single,Yes,11,photo_18_2026-10-08_14-51-25.jpg,55.0
Q18,Would you trust an anti-cheat more if suspicious players were reviewed before receiving a permanent ban?,20,single,Probably yes,9,photo_18_2026-10-08_14-51-25.jpg,45.0
Q18,Would you trust an anti-cheat more if suspicious players were reviewed before receiving a permanent ban?,20,single,Not sure,0,photo_18_2026-10-08_14-51-25.jpg,0.0
Q18,Would you trust an anti-cheat more if suspicious players were reviewed before receiving a permanent ban?,20,single,Probably no,0,photo_18_2026-10-08_14-51-25.jpg,0.0
Q18,Would you trust an anti-cheat more if suspicious players were reviewed before receiving a permanent ban?,20,single,No,0,photo_18_2026-10-08_14-51-25.jpg,0.0
Q20,How difficult is it for a small game studio to implement an effective anti-cheat solution?,9,scale,1,0,photo_20_2026-10-08_14-51-25.jpg,0.0
Q20,How difficult is it for a small game studio to implement an effective anti-cheat solution?,9,scale,2,0,photo_20_2026-10-08_14-51-25.jpg,0.0
Q20,How difficult is it for a small game studio to implement an effective anti-cheat solution?,9,scale,3,2,photo_20_2026-10-08_14-51-25.jpg,22.2222
Q20,How difficult is it for a small game studio to implement an effective anti-cheat solution?,9,scale,4,5,photo_20_2026-10-08_14-51-25.jpg,55.5556
Q20,How difficult is it for a small game studio to implement an effective anti-cheat solution?,9,scale,5,2,photo_20_2026-10-08_14-51-25.jpg,22.2222
Q21,Which integration method would you prefer?,9,multiple,REST API,4,photo_21_2026-10-08_14-51-25.jpg,44.4444
Q21,Which integration method would you prefer?,9,multiple,SDK,4,photo_21_2026-10-08_14-51-25.jpg,44.4444
Q21,Which integration method would you prefer?,9,multiple,Game engine plugin,4,photo_21_2026-10-08_14-51-25.jpg,44.4444
Q21,Which integration method would you prefer?,9,multiple,Self-hosted solution,6,photo_21_2026-10-08_14-51-25.jpg,66.6667
Q21,Which integration method would you prefer?,9,multiple,Managed cloud service,3,photo_21_2026-10-08_14-51-25.jpg,33.3333
Q21,Which integration method would you prefer?,9,multiple,Not sure,1,photo_21_2026-10-08_14-51-25.jpg,11.1111
Q22,Which game engine integration would be most important to you?,9,single,Unity,2,photo_22_2026-10-08_14-51-25.jpg,22.2222
Q22,Which game engine integration would be most important to you?,9,single,Unreal Engine,4,photo_22_2026-10-08_14-51-25.jpg,44.4444
Q22,Which game engine integration would be most important to you?,9,single,Godot,1,photo_22_2026-10-08_14-51-25.jpg,11.1111
Q22,Which game engine integration would be most important to you?,9,single,Custom engine,1,photo_22_2026-10-08_14-51-25.jpg,11.1111
Q22,Which game engine integration would be most important to you?,9,single,"source 2, tank engine lol",1,photo_22_2026-10-08_14-51-25.jpg,11.1111
Q23,Would you be willing to send anonymized gameplay telemetry to an external anti-cheat service?,9,single,Yes,3,photo_23_2026-10-08_14-51-25.jpg,33.3333
Q23,Would you be willing to send anonymized gameplay telemetry to an external anti-cheat service?,9,single,"Yes, with strict privacy controls",5,photo_23_2026-10-08_14-51-25.jpg,55.5556
Q23,Would you be willing to send anonymized gameplay telemetry to an external anti-cheat service?,9,single,Only if self-hosted,0,photo_23_2026-10-08_14-51-25.jpg,0.0
Q23,Would you be willing to send anonymized gameplay telemetry to an external anti-cheat service?,9,single,Not sure,1,photo_23_2026-10-08_14-51-25.jpg,11.1111
Q23,Would you be willing to send anonymized gameplay telemetry to an external anti-cheat service?,9,single,No,0,photo_23_2026-10-08_14-51-25.jpg,0.0
Q24,Which pricing model would be most acceptable for an anti-cheat service?,20,multiple,Fixed monthly subscription,8,photo_24_2026-10-08_14-51-25.jpg,40.0
Q24,Which pricing model would be most acceptable for an anti-cheat service?,20,multiple,Pay per active player,6,photo_24_2026-10-08_14-51-25.jpg,30.0
Q24,Which pricing model would be most acceptable for an anti-cheat service?,20,multiple,Pay per analyzed match/session,6,photo_24_2026-10-08_14-51-25.jpg,30.0
Q24,Which pricing model would be most acceptable for an anti-cheat service?,20,multiple,Tiered subscription based on player count,4,photo_24_2026-10-08_14-51-25.jpg,20.0
Q24,Which pricing model would be most acceptable for an anti-cheat service?,20,multiple,Free/open-source core + paid cloud service,12,photo_24_2026-10-08_14-51-25.jpg,60.0
Q25,Would a free tier make you more likely to test a new anti-cheat solution?,20,single,Yes,15,photo_25_2026-10-08_14-51-25.jpg,75.0
Q25,Would a free tier make you more likely to test a new anti-cheat solution?,20,single,Maybe,5,photo_25_2026-10-08_14-51-25.jpg,25.0
Q25,Would a free tier make you more likely to test a new anti-cheat solution?,20,single,No,0,photo_25_2026-10-08_14-51-25.jpg,0.0
